Páginas principales,Clics,Impresiones,CTR,Posición
https://swip.mx/,22,812,2.71%,3.53
https://swip.mx/blog/puedo-empenar-un-auto-de-lujo-si-aun-lo-estoy-pagando/,4,140,2.86%,7.42
https://swip.mx/prestamo-con-garantia-de-auto-en-cdmx/,4,78,5.13%,6.03
https://swip.mx/blog/empeno-de-autos-en-queretaro/,2,304,0.66%,7.57
https://swip.mx/prestamo-con-garantia-de-autos-de-lujo/,2,164,1.22%,7.55
https://swip.mx/blog/por-que-libro-azul-no-sirve-autos-de-lujo/,2,33,6.06%,5.55
https://swip.mx/prestamo-con-garantia-de-autos-blindados/,2,32,6.25%,7.81
https://swip.mx/contacto/,1,663,0.15%,6.13
https://swip.mx/prestamo-con-garantia-de-auto-en-queretaro/,1,201,0.5%,19.34
https://swip.mx/blog/cuanto-me-prestan-por-un-auto-blindado/,1,131,0.76%,8.14
https://swip.mx/blog/requisitos-para-un-prestamo-con-garantia-de-auto/,1,91,1.1%,8.31
https://swip.mx/blog/que-pasa-si-no-pago-un-prestamo-con-garantia-de-auto/,1,70,1.43%,7.2
https://swip.mx/blog/que-es-un-prestamo-con-garantia-de-auto-en-mexico/,1,45,2.22%,8.91
https://swip.mx/blog/como-se-valua-un-auto-blindado/,1,31,3.23%,6
https://swip.mx/blog/empeno-de-autos-de-lujo-vs-prestamo-con-garantia/,1,25,4%,6.4
https://swip.mx/vehiculos-que-aceptamos/,1,16,6.25%,6.88
https://swip.mx/blog/cuanto-me-prestan-por-una-porsche-cayenne/,0,134,0%,8.47
https://swip.mx/blog/cuanto-me-prestan-por-una-mercedes-g63/,0,114,0%,6.07
https://swip.mx/por-que-swip/,0,112,0%,8.42
https://swip.mx/blog/,0,81,0%,8.68
https://swip.mx/blog/cuanto-me-prestan-por-un-lamborghini-urus/,0,63,0%,12.86
https://swip.mx/como-funciona/,0,61,0%,9.03
https://swip.mx/blog/con-resguardo-o-sin-dejarlo-para-auto-de-lujo/,0,59,0%,5.27
https://swip.mx/requisitos/,0,58,0%,6.05
https://swip.mx/blog/cuanto-me-prestan-por-un-porsche-911/,0,41,0%,8.17
https://swip.mx/empeno-de-autos/,0,31,0%,24.13
https://swip.mx/blog/cuanto-me-prestan-por-una-escalade-blindada/,0,28,0%,5.43
https://swip.mx/blog/prestamo-con-garantia-vs-empeno-de-autos/,0,25,0%,9.44
https://swip.mx/blog/cuanto-me-prestan-por-una-suburban-blindada/,0,23,0%,7.35
https://swip.mx/blog/cuanto-me-prestan-por-un-land-rover-defender/,0,21,0%,8.29
https://swip.mx/blog/cuanto-me-prestan-por-un-ferrari-488-o-f8/,0,18,0%,5.06
https://swip.mx/blog/cuanto-me-prestan-por-una-range-rover/,0,18,0%,7.83
https://swip.mx/blog/que-tan-recomendable-es-empenar-un-auto-de-lujo-o-blindado/,0,18,0%,10.28
https://swip.mx/blog/prestamo-con-garantia-de-auto-para-financiar-tu-negocio/,0,17,0%,16.18
https://swip.mx/prestamo-con-garantia-de-auto-con-resguardo/,0,16,0%,9
https://swip.mx/blog/como-valuamos-un-auto-proceso-real/,0,13,0%,5.08
https://swip.mx/blog/cuanto-me-prestan-por-un-audi-q8/,0,11,0%,5.18
https://swip.mx/blog/que-vehiculos-premium-aplican-para-prestamo-con-garantia/,0,10,0%,6.3
https://swip.mx/blog/como-se-valua-un-auto-exotico/,0,10,0%,6.9
https://swip.mx/blog/cuanto-tarda-el-proceso-para-auto-premium-blindado-exotico/,0,9,0%,6.11
https://swip.mx/blog/pagar-sat-deudas-urgentes-con-garantia-de-auto/,0,8,0%,7.5
https://swip.mx/blog/donde-valuan-autos-blindados-en-queretaro/,0,7,0%,10.29
https://swip.mx/blog/swip-vs-monte-de-piedad-vs-banco/,0,4,0%,2.75
https://swip.mx/blog/que-baja-la-valuacion-de-un-auto-exotico-o-de-lujo/,0,4,0%,6.25
https://swip.mx/blog/puedo-seguir-usando-mi-auto-blindado-durante-el-prestamo/,0,4,0%,7.25
https://swip.mx/blog/cuanto-me-prestan-por-una-bmw-x7/,0,4,0%,8.5
https://swip.mx/prestamo-con-garantia-de-autos-exoticos/,0,3,0%,17
https://swip.mx/blog/cuanto-me-prestan-por-una-tahoe-blindada/,0,2,0%,3
https://swip.mx/blog/necesito-liquidez-urgente-tengo-un-auto/,0,2,0%,7
https://swip.mx/blog/cuanto-te-prestan-por-tu-auto-en-mexico/,0,2,0%,11
https://swip.mx/blog/donde-valuan-autos-de-lujo-a-domicilio-en-cdmx/,0,1,0%,11